title/price_dollars/photo/characteristic
Mercedes-Benz V-класс/$ 35 000/"https://im.mashina.kg/tachka/images//d/c/6/dc6f51e149ddbd38ae3059401e378ec2_240x180.jpg"/2016 г., 2.1л., автоматминивэн, дизельруль слева, 230 000 кмБишкек2 ч. назад
Mercedes-Benz E-класс/$ 14 900/"https://im.mashina.kg/tachka/images//7/0/c/70c5313d872fd154e5370dc5acaac2ab_240x180.jpg"/2015 г., 2л., автоматседан, бензинруль слеваБишкек19 ч. назад
Mercedes-Benz AMG GLE Coupe/$ 80 000/"https://im.mashina.kg/tachka/images//1/a/6/1a60f8cfc82a134dd6418d1b2cef47e3_240x180.jpg"/2016 г., 5.5л., автоматвнедорожник 5 дв., бензинруль слева, 20 000 кмБишкек57 мин. назад
Mercedes-Benz GLS-класс/$ 75 000/"https://im.mashina.kg/tachka/images//f/6/0/f609d6ed942dad03cd36f48c1d63ec6c_240x180.jpg"/2016 г., 4.7л., автоматвнедорожник 5 дв., бензинруль слева, 47 000 кмБишкек58 мин. назад
Mercedes-Benz GL-класс/$ 46 000/"https://im.mashina.kg/tachka/images//e/e/3/ee33edb5b72825975e582d4e9f0ed070_240x180.jpg"/2015 г., 3л., автоматвнедорожник 5 дв., бензинруль слева, 102 000 кмБишкек3 ч. назад
Mercedes-Benz E-класс/$ 18 000/"https://im.mashina.kg/tachka/images//7/f/5/7f5ddbb5bb43c143e4a94ce5f1d399a2_240x180.jpg"/2015 г., 2л., автоматседан, бензинруль слеваБишкек4 ч. назад
Mercedes-Benz S-класс/$ 58 000//2016 г., 3л., автоматседан, дизельруль слева, 75 000 кмБишкек5 ч. назад
Mercedes-Benz GL-класс/$ 53 000//2016 г., 3л., автоматвнедорожник 5 дв., бензинруль слева, 100 000 кмБишкек5 ч. назад
Mercedes-Benz E-класс/$ 45 000/"https://im.mashina.kg/tachka/images//5/9/4/5947457ff20f770409436f9541ae3d21_240x180.jpg"/2016 г., 3л., автоматседан, бензинруль слеваБишкек5 ч. назад
Mercedes-Benz CLA-класс/$ 18 400/"https://im.mashina.kg/tachka/images//e/9/4/e94c8c1a5593b43901c956ad26588500_240x180.jpg"/2016 г., 1.5л., роботуниверсал, дизельруль слева, 75 000 кмБишкек7 ч. назад
Mercedes-Benz G-класс/$ 150 000/"https://im.mashina.kg/tachka/images//5/a/9/5a9bd04ec43ba8cd6640fe88a435bb96_240x180.jpg"/2018 г., 4л., автоматвнедорожник 5 дв., бензинруль слева, 26 976 кмБишкек11 ч. назад
Mercedes-Benz E-класс AMG/$ 65 000/"https://im.mashina.kg/tachka/images//9/3/4/934b6a4a862fa84ebae5b8865824b980_240x180.jpg"/2017 г., 4л., автоматседан, бензинруль слева, 61 000 кмРоссия15 ч. назад
Mercedes-Benz E-класс/$ 18 200/"https://im.mashina.kg/tachka/images//2/3/8/2382a7895b95fda772a41d427758a6a3_240x180.jpg"/2015 г., 2л., автоматседан, бензинруль слева, 192 500 кмБишкек15 ч. назад
Mercedes-Benz E-класс/$ 45 000/"https://im.mashina.kg/tachka/images//0/7/2/072e88215f78612ce862a337ab9fb2c3_240x180.jpg"/2016 г., 3.5л., автоматседан, бензинруль слеваБишкек16 ч. назад
Mercedes-Benz S-класс/$ 172 000/"https://im.mashina.kg/tachka/images//c/0/2/c020afa8c1445eeb32c105c45fed651e_240x180.jpg"/2021 г., 3л., автоматседан, бензинруль слеваРоссия22 ч. назад
Mercedes-Benz CLA-класс AMG/$ 50 000/"https://im.mashina.kg/tachka/images//a/7/3/a7324ba740fc3ee45376fe3b69a37e7c_240x180.jpg"/2018 г., 2л., роботседан, бензинруль слева, 40 000 кмБишкек22 ч. назад
Mercedes-Benz GLS-класс AMG/$ 90 000/"https://im.mashina.kg/tachka/images//d/c/d/dcda563e40443593d218732275678c2b_240x180.jpg"/2018 г., 5.5л., автоматвнедорожник 5 дв., бензинруль слева, 40 000 кмБишкек22 ч. назад
Mercedes-Benz CLA-класс/$ 19 500/"https://im.mashina.kg/tachka/images//5/5/c/55c0fea6d3cb4e6c918f4467234dff68_240x180.jpg"/2016 г., 2.1л., роботседан, дизельруль слева, 29 000 кмБишкек22 ч. назад
Mercedes-Benz E-класс/$ 40 600/"https://im.mashina.kg/tachka/images//1/8/7/1870fadcfb94e22358badd9cfc087017_240x180.jpg"/2018 г., 3.5л., автоматседан, бензинруль слева, 45 500 кмРоссия22 ч. назад
Mercedes-Benz GLE/$ 91 000/"https://im.mashina.kg/tachka/images//6/b/b/6bbe4c4fb3b94b0d35046971542ef902_240x180.jpg"/2020 г., 3л., автоматвнедорожник 5 дв., бензинруль слеваРоссия22 ч. назад
Mercedes-Benz S-класс/$ 43 200/"https://im.mashina.kg/tachka/images//8/f/5/8f55708a95148370d7094443cd41a6ff_240x180.jpg"/2015 г., 3л., автоматседан, дизельруль слева, 114 344 кмРоссия22 ч. назад
Mercedes-Benz GLS-класс/$ 44 000/"https://im.mashina.kg/tachka/images//d/e/2/de22cd880dbe4298bd00633a78db46d0_240x180.jpg"/2017 г., 3л., автоматвнедорожник 5 дв., бензинруль слева, 50 600 кмРоссия22 ч. назад
Mercedes-Benz E-класс/$ 38 000/"https://im.mashina.kg/tachka/images//1/4/5/145d66fe03d07d159be4a3b369d5e8be_240x180.jpg"/2017 г., 3.5л., автоматседан, бензинруль слева, 54 000 кмРоссия22 ч. назад
Mercedes-Benz S-класс/$ 41 000/"https://im.mashina.kg/tachka/images//2/8/4/2845b4fb85ac00befd4f2c2ce9675c62_240x180.jpg"/2015 г., 4.7л., автоматседан, бензинруль слева, 74 800 кмРоссия22 ч. назад
Mercedes-Benz GLS-класс/$ 45 800/"https://im.mashina.kg/tachka/images//6/c/5/6c54b0901a0454023054b492610ea41b_240x180.jpg"/2017 г., 3л., автоматвнедорожник 5 дв., бензинруль слева, 70 800 кмРоссия22 ч. назад
Mercedes-Benz CLS-класс/$ 34 000/"https://im.mashina.kg/tachka/images//1/1/d/11d7db33e73cd60ec58da3f7f3a64bae_240x180.jpg"/2016 г., 3л., автоматседан, бензинруль слева, 42 200 кмРоссия22 ч. назад
Mercedes-Benz G-класс/$ 200 999/"https://im.mashina.kg/tachka/images//9/b/a/9bad1445a19e01096884efba4b8d1c92_240x180.jpg"/2020 г., 4л., автоматвнедорожник 5 дв., бензинруль слева, 119 кмРоссия22 ч. назад
Mercedes-Benz E-класс/$ 43 000/"https://im.mashina.kg/tachka/images//9/d/c/9dc53bd9df3bcb03254529ef5ad6a31b_240x180.jpg"/2017 г., 3л., автоматкупе, бензинруль слева, 90 000 кмРоссия22 ч. назад
Mercedes-Benz C-класс AMG/$ 42 000/"https://im.mashina.kg/tachka/images//9/2/4/9246cbe9dea2cc9ba8fab6ae90282fc1_240x180.jpg"/2015 г., 4л., автоматседан, бензинруль слева, 34 400 кмРоссия22 ч. назад
Mercedes-Benz V-класс/$ 35 000/"https://im.mashina.kg/tachka/images//1/3/2/132360ebcf16ce32de5c57af6fcd27ea_240x180.jpg"/2015 г., 2.1л., автоматминивэн, дизельруль слева, 189 000 кмРоссия22 ч. назад
Mercedes-Benz GLS-класс/$ 60 000/"https://im.mashina.kg/tachka/images//f/3/a/f3a9a0ab07b59a555cc04ecced784b23_240x180.jpg"/2018 г., 3л., автоматвнедорожник 5 дв., дизельруль слева, 50 000 кмБишкек24 ч. назад
Mercedes-Benz Maybach S-класс/$ 135 000/"https://im.mashina.kg/tachka/images//3/5/d/35d0dfc037a8b17ffc7b921afc0aaf26_240x180.jpg"/2018 г., 3л., автоматседан, бензинруль слева, 50 000 кмБишкек24 ч. назад
Mercedes-Benz Maybach S-класс/$ 100 000/"https://im.mashina.kg/tachka/images//a/3/d/a3d86a9e86703bb3141134ceac611194_240x180.jpg"/2016 г., 4.7л., автоматседан, бензинруль слева, 27 000 кмБишкек24 ч. назад
Mercedes-Benz C-класс/$ 25 000/"https://im.mashina.kg/tachka/images//2/f/e/2fe4b655c3162c7e9ee4065243f464fd_240x180.jpg"/2017 г., 2л., автоматседан, бензинруль слеваБишкек1 д. назад
Mercedes-Benz GL-класс/$ 42 000/"https://im.mashina.kg/tachka/images//e/8/8/e88b4b77adbef2dc78276231840b507e_240x180.jpg"/2015 г., 3л., автоматвнедорожник 5 дв., бензинруль слева, 100 000 кмБишкек1 д. назад
Mercedes-Benz CLA-класс/$ 19 500/"https://im.mashina.kg/tachka/images//e/a/1/ea1decf1d7f04b8a62a94c9b6c1cff3f_240x180.jpg"/2016 г., 2.1л., роботседан, дизельруль слева, 29 450 кмБишкек2 д. назад
Mercedes-Benz S-класс/$ 95 000//2018 г., 3л., автоматседан, бензинруль слева, 42 000 кмБишкек2 д. назад
Mercedes-Benz E-класс/$ 15 700/"https://im.mashina.kg/tachka/images//8/0/1/801ee7612e00df95a31ff86e80af4e27_240x180.jpg"/2015 г., 2л., автоматседан, бензинруль слева, 110 000 кмБишкек2 д. назад
Mercedes-Benz S-класс/$ 57 000/"https://im.mashina.kg/tachka/images//d/6/8/d684897a08959d5ce231022b86fc9aaa_240x180.jpg"/2016 г., 3л., автоматседан, дизельруль слева, 73 000 кмБишкек2 д. назад
Mercedes-Benz GL-класс/$ 52 000/"https://im.mashina.kg/tachka/images//8/6/6/8665f07b06c4757ab5482e9716cfb733_240x180.jpg"/2015 г., 3л., автоматвнедорожник 5 дв., бензинруль слева, 48 000 кмБишкек2 д. назад
Mercedes-Benz S-класс AMG/$ 75 000/"https://im.mashina.kg/tachka/images//3/a/8/3a88f5b5d33f280e4e6f3c47c99743a0_240x180.jpg"/2015 г., 5.5л., автоматкупе, бензинруль слева, 74 000 кмРоссия2 д. назад
Mercedes-Benz S-класс/$ 75 000/"https://im.mashina.kg/tachka/images//6/2/1/621a75f927448b28b8fe732483eb6b32_240x180.jpg"/2018 г., 4л., автоматседан, бензинруль слева, 1 800 кмРоссия2 д. назад
Mercedes-Benz S-класс/$ 160 000/"https://im.mashina.kg/tachka/images//c/3/d/c3df73235e2d5ceb5bb7c0ad9e473e32_240x180.jpg"/2021 г., 2.9л., автоматседан, дизельруль слеваРоссия2 д. назад
Mercedes-Benz AMG GT/$ 145 000/"https://im.mashina.kg/tachka/images//1/0/b/10b22c4f7be18fd5f54c089b2c472fbd_240x180.jpg"/2018 г., 4л., роботкупе, бензинруль слева, 25 000 кмРоссия2 д. назад
Mercedes-Benz C-класс/$ 19 000/"https://im.mashina.kg/tachka/images//7/4/0/740aec0037257ba9306832f64ec4c8f1_240x180.jpg"/2015 г., 1.6л., автоматседан, бензинруль слеваБишкек3 д. назад
Mercedes-Benz S-класс AMG/$ 38 500/"https://im.mashina.kg/tachka/images//9/e/d/9edac74bb4862351aa8104a182e3f256_240x180.jpg"/2020 г., 6л., автоматседан, бензинруль слева, 20 000 кмОАЭ3 д. назад
Mercedes-Benz CLA-класс AMG/$ 30 300/"https://im.mashina.kg/tachka/images//b/1/f/b1f539a52d89ae002a302e58acf609c2_240x180.jpg"/2018 г., 2л., роботседан, бензинруль слева, 15 000 кмОАЭ3 д. назад
Mercedes-Benz E-класс/$ 48 000/"https://im.mashina.kg/tachka/images//e/0/5/e0548a84b38ecd0e165267da4364f49b_240x180.jpg"/2017 г., 3.5л., автоматседан, бензинруль слева, 29 000 кмБишкек3 д. назад
Mercedes-Benz C-класс/$ 19 000/"https://im.mashina.kg/tachka/images//1/b/c/1bccdf22f15c4292c4fec8d65beb7642_240x180.jpg"/2015 г., 2.1л., автоматседан, дизельруль слева, 123 кмБишкек4 д. назад
Mercedes-Benz V-класс/$ 63 000/"https://im.mashina.kg/tachka/images//9/a/4/9a41d68a5d5c4e74e3cff3598dc69f8c_240x180.jpg"/2018 г., 2.1л., автоматминивэн, дизельруль слева, 58 000 кмБишкек4 д. назад
Mercedes-Benz C-класс/$ 21 000/"https://im.mashina.kg/tachka/images//f/f/2/ff2ff18dbc57c1fd6aec1acc63024e08_240x180.jpg"/2015 г., 1.6л., автоматседан, бензинруль слева, 100 000 кмБишкек5 д. назад
Mercedes-Benz S-класс AMG/$ 95 000/"https://im.mashina.kg/tachka/images//c/0/8/c08112e27bbd7804a564c06b3fd38d0e_240x180.jpg"/2016 г., 5.5л., автоматкупе, бензинруль слева, 91 000 кмБишкек8 д. назад
Mercedes-Benz G-класс/$ 188 000/"https://im.mashina.kg/tachka/images//d/7/f/d7f08c9f56ba6e6de56e38517e56ca15_240x180.jpg"/2019 г., 4л., автоматвнедорожник 5 дв., бензинруль слева, 6 729 кмСША9 д. назад
Mercedes-Benz GLE Coupe/$ 50 000/"https://im.mashina.kg/tachka/images//a/3/4/a34690534d8df038d8f5e116fbd5436e_240x180.jpg"/2017 г., 3л., автоматвнедорожник 5 дв., бензинруль слева, 45 000 кмСША9 д. назад
Mercedes-Benz GL-класс/$ 24 000/"https://im.mashina.kg/tachka/images//7/8/9/7897f9bd52eebd8de6c2ac1c26dab17d_240x180.jpg"/2015 г., 4.7л., автоматвнедорожник 5 дв., бензинруль слева, 45 000 кмСША9 д. назад
Mercedes-Benz CLS-класс/$ 29 500/"https://im.mashina.kg/tachka/images//7/5/7/757d235e7d9636a960d8fc9d7f99182f_240x180.jpg"/2016 г., 3л., автоматседан, бензинруль слева, 100 586 кмСША9 д. назад
Mercedes-Benz C-класс/$ 14 700/"https://im.mashina.kg/tachka/images//8/0/c/80c0b39ba1c5c0a6b04337670f4b3b00_240x180.jpg"/2015 г., 2л., автоматседан, бензинруль слеваСША9 д. назад
Mercedes-Benz E-класс/$ 17 500/"https://im.mashina.kg/tachka/images//2/0/c/20cc44dda874f362a1c7e9d7cbe66f49_240x180.jpg"/2015 г., 3л., автоматседан, бензинруль слева, 30 398 кмСША9 д. назад
Mercedes-Benz E-класс/$ 22 900/"https://im.mashina.kg/tachka/images//9/b/3/9b38cae3279baf2e112ed67bdb55bc75_240x180.jpg"/2015 г., 3.5л., автоматседан, бензинруль слеваСША9 д. назад
Mercedes-Benz GLC-класс/$ 35 000/"https://im.mashina.kg/tachka/images//d/7/8/d78857339b6675ae53c10b9186846687_240x180.jpg"/2016 г., 2л., автоматвнедорожник 5 дв., бензинруль слева, 88 000 кмБишкек16 д. назад
Mercedes-Benz E-класс/$ 21 000/"https://im.mashina.kg/tachka/images//b/2/1/b21eb30a14b82170aea43cbd30f4d2b6_240x180.jpg"/2015 г., 2.1л., автоматседан, дизельруль слева, 75 000 кмОш18 д. назад
Mercedes-Benz CLA-класс/$ 24 000/"https://im.mashina.kg/tachka/images//2/f/a/2fa7f7034435a64c27e90866b4d01416_240x180.jpg"/2017 г., 2л., роботседан, бензинруль слева, 70 000 кмБишкек23 д. назад
Mercedes-Benz E-класс/$ 25 000/"https://im.mashina.kg/tachka/images//3/1/e/31efcb60ef4429d62829b0b9c55c641c_240x180.jpg"/2016 г., 2л., автоматседан, бензинруль слева, 97 000 кмОш26 д. назад
Mercedes-Benz GLA-класс/$ 24 500/"https://im.mashina.kg/tachka/images//6/b/7/6b7fe2edc728020e6ab81b597c23a860_240x180.jpg"/2015 г., 2л., роботвнедорожник 5 дв., бензинруль слева, 96 000 кмБишкек1 мес. назад
